Jurisdiction,Community,Type,Population
British Columbia,Hesquiat 1 3,IRI,NA
British Columbia,Refuge Cove 6 3,IRI,NA
British Columbia,Francois Lake 7 3,IRI,NA
British Columbia,Omineca 1 3,IRI,NA
British Columbia,Uncha Lake 13A 3,IRI,NA
British Columbia,Alexandria 3 5,IRI,NA
British Columbia,Canim Lake 1 3,IRI,NA
British Columbia,Canim Lake 2 3,IRI,NA
British Columbia,Chilco Lake 1 3,IRI,NA
British Columbia,Chilco Lake 1A 3,IRI,NA
British Columbia,Garden 3,IRI,NA
British Columbia,Lezbye 6 3,IRI,NA
British Columbia,Lohbiee 3 3,IRI,NA
British Columbia,Tanakut 4 3,IRI,NA
British Columbia,Salmon River 1 3,IRI,NA
British Columbia,Peters 1 3,IRI,NA
British Columbia,Barnston Island 3 3,IRI,NA
British Columbia,S1/2 Tsimpsean 2 3,IRI,NA
British Columbia,Basque 18 3,IRI,NA
British Columbia,Kloklowuck 7 3,IRI,NA
British Columbia,Kumcheen 1 3,IRI,NA
British Columbia,Shawniken 4B 3,IRI,NA
British Columbia,Spences Bridge 3,IRI,NA
British Columbia,Vancouver,CY,662248
British Columbia,Surrey,CY,568322
British Columbia,Burnaby,CY,249125
British Columbia,Richmond,CY,209937
British Columbia,Abbotsford,CY,153524
British Columbia,Coquitlam,CY,148625
British Columbia,Kelowna 5,CY,144576
British Columbia,Langley,DM,132603
British Columbia,Saanich,DM,117735
British Columbia,Delta,CY,108455
British Columbia,Nanaimo,CY,99863
British Columbia,Kamloops,CY,97902
British Columbia,Chilliwack,CY,93203
British Columbia,Victoria,CY,91867
British Columbia,Maple Ridge,CY,90990
British Columbia,North Vancouver 5,DM,88168
British Columbia,New Westminster,CY,78916
British Columbia,Prince George,CY,76708
British Columbia,Port Coquitlam,CY,61498
British Columbia,North Vancouver,CY,58120
British Columbia,Langford,CY,46584
British Columbia,Vernon 5,CY,44519
British Columbia,West Vancouver,DM,44122
British Columbia,Mission 5,DM,41519
British Columbia,Penticton,CY,36885
British Columbia,West Kelowna,CY,36078
British Columbia,Campbell River 5,CY,35519
British Columbia,Port Moody,CY,33535
British Columbia,North Cowichan 5,DM,31990
British Columbia,Langley,CY,28963
British Columbia,Courtenay 5,CY,28420
Yukon,Whitehorse,CY,28201
British Columbia,Squamish 5,DM,23819
British Columbia,White Rock,CY,21939
British Columbia,Fort St. John 5,CY,21465
British Columbia,Cranbrook,CY,20499
Northwest Territories,Yellowknife,CY,20340
British Columbia,Salmon Arm,CY,19432
British Columbia,Pitt Meadows,CY,19146
British Columbia,Colwood,CY,18961
British Columbia,Metro Vancouver A,RDA,18612
British Columbia,Port Alberni,CY,18259
British Columbia,Oak Bay,DM,17990
British Columbia,Esquimalt,DM,17533
British Columbia,Central Saanich,DM,17385
British Columbia,Lake Country,DM,15817
British Columbia,Sooke,DM,15086
British Columbia,Comox,T,14806
British Columbia,Whistler 4,DM,13982
British Columbia,Powell River,CY,13943
British Columbia,Parksville 5,CY,13642
British Columbia,Dawson Creek,CY,12323
British Columbia,Sidney,T,12318
British Columbia,Prince Rupert,CY,12300
British Columbia,North Saanich,DM,12235
British Columbia,Summerland,DM,12042
British Columbia,Terrace,CY,12017
British Columbia,Saltspring Island,RDA,11635
British Columbia,View Royal,T,11575
British Columbia,Coldstream,DM,11171
British Columbia,Nelson,CY,11106
British Columbia,Williams Lake,CY,10947
British Columbia,Sechelt,DM,10847
British Columbia,Quesnel,CY,9889
British Columbia,Qualicum Beach,T,9303
British Columbia,Comox Valley C (Puntledge - Black Creek) 5,RDA,9158
British Columbia,Tsinstikeptum 9,IRI,9134
British Columbia,Cowichan Valley B,RDA,8994
British Columbia,Ladysmith,T,8990
British Columbia,Columbia-Shuswap C,RDA,8919
British Columbia,Castlegar,CY,8338
British Columbia,Revelstoke 5,CY,8275
British Columbia,Kitimat,DM,8236
British Columbia,Nanaimo F,RDA,8216
British Columbia,Kimberley,CY,8115
British Columbia,Nanaimo G 5,RDA,8109
British Columbia,Comox Valley A,RDA,7926
British Columbia,Trail,CY,7920
British Columbia,Nanaimo A,RDA,7481
British Columbia,Comox Valley B (Lazo North),RDA,7392
British Columbia,Merritt,CY,7051
British Columbia,Nanaimo E,RDA,6765
British Columbia,Hope,DM,6686
British Columbia,East Kootenay C 5,RDA,6536
British Columbia,Fernie 7,CY,6320
British Columbia,Kent,DM,6300
British Columbia,Cariboo A 5,RDA,6169
British Columbia,Southern Gulf Islands,RDA,6101
British Columbia,Peace River C 5,RDA,5947
British Columbia,Peachland,DM,5789
British Columbia,Bulkley-Nechako A,RDA,5587
British Columbia,Creston 5,T,5583
British Columbia,Osoyoos 4,T,5556
British Columbia,Peace River B,RDA,5379
British Columbia,Smithers,T,5378
British Columbia,Armstrong,CY,5323
British Columbia,Cariboo G 5,RDA,5312
British Columbia,Spallumcheen,DM,5307
British Columbia,Juan de Fuca (Part 1) 5,RDA,5132
British Columbia,Oliver,T,5094
British Columbia,Metchosin,DM,5067
British Columbia,Duncan,CY,5047
British Columbia,Cowichan Valley C,RDA,5046
British Columbia,Central Kootenay H 4,RDA,5045
British Columbia,Cowichan Valley A,RDA,4949
British Columbia,Central Kootenay B,RDA,4802
British Columbia,Peace River D,RDA,4793
British Columbia,Cariboo F,RDA,4792
British Columbia,Cariboo L,RDA,4769
British Columbia,Gibsons,T,4758
British Columbia,North Okanagan C 5,RDA,4511
British Columbia,Nanaimo B,RDA,4500
British Columbia,Cumberland,VL,4447
British Columbia,Columbia-Shuswap D,RDA,4400
British Columbia,Fraser-Fort George D,RDA,4375
British Columbia,North Okanagan F,RDA,4362
British Columbia,Vanderhoof 5,DM,4346
British Columbia,Nanaimo H,RDA,4291
British Columbia,Central Okanagan 5,RDA,4258
British Columbia,Bowen Island,IM,4256
British Columbia,Cowichan Valley E,RDA,4253
British Columbia,Strathcona D (Oyster Bay - Buttle Lake) 5,RDA,4153
British Columbia,Sparwood,DM,4148
British Columbia,Rossland,CY,4140
British Columbia,Central Kootenay F,RDA,4116
British Columbia,Cariboo E,RDA,4112
British Columbia,Grand Forks,CY,4112
British Columbia,Thompson-Nicola P (Rivers and the Peaks),RDA,4098
British Columbia,Okanagan-Similkameen D 5,RDA,4016
British Columbia,Golden,T,3986
British Columbia,Okanagan-Similkameen C,RDA,3986
British Columbia,Northern Rockies 5,RGM,3947
British Columbia,Kitimat-Stikine E,RDA,3932
British Columbia,Invermere,DM,3917
British Columbia,Kamloops 1,IRI,3915
British Columbia,Port Hardy 5,DM,3902
British Columbia,Central Kootenay E,RDA,3897
British Columbia,Sunshine Coast E,RDA,3883
British Columbia,Cariboo B,RDA,3864
British Columbia,Lantzville,DM,3817
British Columbia,Fraser-Fort George C,RDA,3603
British Columbia,Cowichan Valley D,RDA,3530
British Columbia,Sunshine Coast D,RDA,3523
British Columbia,East Kootenay F,RDA,3521
British Columbia,Bulkley-Nechako F,RDA,3517
British Columbia,Central Kootenay J,RDA,3517
British Columbia,Fraser-Fort George A,RDA,3471
British Columbia,Pemberton,VL,3407
British Columbia,Nanaimo C,RDA,3344
British Columbia,Columbia-Shuswap A,RDA,3325
British Columbia,Lake Cowichan,T,3325
British Columbia,Thompson-Nicola L (Grasslands) 5,RDA,3321
British Columbia,Mackenzie,DM,3281
British Columbia,North Okanagan B,RDA,3274
British Columbia,Okanagan (Part) 1 5,IRI,3244
British Columbia,Kootenay Boundary D / Rural Grand Forks,RDA,3226
British Columbia,Columbia-Shuswap F,RDA,3200
Northwest Territories,Hay River,T,3169
Northwest Territories,Inuvik,T,3137
British Columbia,Tzeachten 13,IRI,3089
British Columbia,Houston,DM,3052
British Columbia,Sunshine Coast A 5,RDA,3039
British Columbia,Enderby,CY,3028
British Columbia,Kootenay Boundary E / West Boundary,RDA,3004
British Columbia,Kitimat-Stikine C (Part 1),RDA,2978
British Columbia,Sunshine Coast B,RDA,2969
British Columbia,Alberni-Clayoquot E,RDA,2946
British Columbia,North Okanagan D,RDA,2909
British Columbia,Capilano 5,IRI,2899
British Columbia,Central Okanagan West 5,RDA,2897
British Columbia,Princeton,T,2894
British Columbia,Cariboo D,RDA,2870
British Columbia,Elkford,DM,2749
British Columbia,Strathcona C,RDA,2737
British Columbia,Peace River E,RDA,2660
British Columbia,Sicamous,DM,2613
British Columbia,Central Kootenay I,RDA,2607
British Columbia,Cowichan Valley H,RDA,2603
British Columbia,Tofino 4,DM,2516
British Columbia,Highlands,DM,2482
British Columbia,Fraser Valley H,RDA,2459
British Columbia,Cowichan Valley G 5,RDA,2442
British Columbia,Cowichan 5,IRI,2420
British Columbia,Sunshine Coast F,RDA,2407
British Columbia,Tumbler Ridge,DM,2399
British Columbia,Chase,VL,2399
British Columbia,Clearwater,DM,2388
British Columbia,Burrard Inlet 3 5,IRI,2373
British Columbia,Anmore,VL,2356
British Columbia,Port McNeill,T,2356
British Columbia,Okanagan-Similkameen I 5,RDA,2307
British Columbia,Chetwynd,DM,2302
British Columbia,Lillooet,DM,2302
British Columbia,Okanagan-Similkameen G 5,RDA,2298
British Columbia,Tsawwassen,TWL,2256
British Columbia,Logan Lake,DM,2255
Northwest Territories,Fort Smith,T,2248
British Columbia,Central Kootenay A,RDA,2241
British Columbia,Okanagan-Similkameen H 5,RDA,2232
British Columbia,qathet C,RDA,2197
British Columbia,Okanagan-Similkameen A,RDA,2139
British Columbia,Fraser Valley D,RDA,2092
British Columbia,Okanagan-Similkameen F,RDA,2092
British Columbia,Penticton 1,IRI,2080
British Columbia,Ucluelet,DM,2066
British Columbia,Lumby,VL,2063
British Columbia,Okanagan-Similkameen E,RDA,2015
British Columbia,East Kootenay B,RDA,2011
British Columbia,Squamish-Lillooet C,RDA,2000
British Columbia,Alberni-Clayoquot F,RDA,1977
British Columbia,Fruitvale,VL,1958
British Columbia,One Hundred Mile House 4,DM,1928
British Columbia,Harrison Hot Springs,VL,1905
British Columbia,Cariboo H,RDA,1884
British Columbia,East Kootenay A 6,RDA,1875
British Columbia,Duck Lake 7,IRI,1847
British Columbia,Alberni-Clayoquot D,RDA,1843
British Columbia,New Songhees 1A,IRI,1839
British Columbia,Cowichan Valley F,RDA,1804
British Columbia,Thompson-Nicola J (Copper Desert Country),RDA,1796
British Columbia,Nisga'a,NL,1794
British Columbia,East Saanich 2,IRI,1790
British Columbia,Central Kootenay K,RDA,1784
British Columbia,Tsinstikeptum 10,IRI,1766
British Columbia,Barriere,DM,1765
British Columbia,Warfield,VL,1753
Northwest Territories,Behchokò,CG,1746
British Columbia,Bulkley-Nechako B 5,RDA,1706
British Columbia,Fraser Valley G,RDA,1692
British Columbia,East Kootenay E,RDA,1686
British Columbia,Ashcroft,VL,1670
British Columbia,qathet B,RDA,1664
British Columbia,Burns Lake,VL,1659
British Columbia,East Kootenay G 5,RDA,1654
British Columbia,Central Kootenay G,RDA,1650
British Columbia,Musqueam 2,IRI,1646
British Columbia,Thompson-Nicola M (Beautiful Nicola Valley - North),RDA,1637
British Columbia,Kootenay Boundary C / Christina Lake,RDA,1627
British Columbia,Kootenay Boundary A,RDA,1624
British Columbia,Keremeos,VL,1608
British Columbia,Bulkley-Nechako D,RDA,1607
British Columbia,Nakusp,VL,1589
British Columbia,Fraser-Fort George H,RDA,1589
Yukon,Dawson,T,1577
British Columbia,Thompson-Nicola A (Wells Gray Country),RDA,1573
British Columbia,Fraser Valley E,RDA,1568
Yukon,Macpherson-Grizzly Valley,NO,1540
British Columbia,Thompson-Nicola O (Lower North Thompson) 5,RDA,1523
British Columbia,Bulkley-Nechako E,RDA,1512
Yukon,"Yukon, Unorganized 3",NO,1496
British Columbia,Cariboo I 5,RDA,1485
British Columbia,Central Kootenay C 5,RDA,1475
British Columbia,Telkwa,VL,1474
British Columbia,Central Kootenay D,RDA,1462
British Columbia,Kitimat-Stikine B,RDA,1455
British Columbia,Osoyoos 1,IRI,1426
British Columbia,Cowichan Valley I,RDA,1423
British Columbia,Kootenay Boundary B / Lower Columbia-Old-Glory,RDA,1422
British Columbia,Sun Peaks Mountain,VL,1404
British Columbia,Lions Bay,VL,1390
British Columbia,Columbia-Shuswap E,RDA,1388
British Columbia,Fort St. James,DM,1386
British Columbia,Fraser Valley F,RDA,1384
British Columbia,Radium Hot Springs,VL,1339
British Columbia,Taylor,DM,1317
British Columbia,Bulkley-Nechako C 5,RDA,1266
British Columbia,qathet A,RDA,1250
British Columbia,Fraser-Fort George F,RDA,1249
British Columbia,Gold River,VL,1246
British Columbia,Mount Currie,IRI,1242
British Columbia,Cariboo C,RDA,1239
British Columbia,Bella Bella 1,IRI,1193
British Columbia,Thompson-Nicola E (Bonaparte Plateau),RDA,1162
British Columbia,Okanagan-Similkameen B,RDA,1151
British Columbia,Salmo,VL,1140
Yukon,Watson Lake 3,T,1133
British Columbia,Fraser Valley C,RDA,1133
British Columbia,qathet D,RDA,1126
Northwest Territories,Fort Simpson,VL,1100
British Columbia,North Okanagan E,RDA,1092
British Columbia,Strathcona B,RDA,1059
British Columbia,Squamish-Lillooet D,RDA,1057
British Columbia,Valemount,VL,1052
British Columbia,Kaslo,VL,1049
British Columbia,Thompson-Nicola I (Blue Sky Country) 5,RDA,1038
British Columbia,Montrose,VL,1013
British Columbia,Skowkale,IRI,983
British Columbia,Cache Creek,VL,969
British Columbia,Fraser Lake,VL,965
British Columbia,Queen Charlotte 4,VL,964
Northwest Territories,Tuktoyaktuk,HAM,937
British Columbia,Bella Coola 1,IRI,937
British Columbia,Alberni-Clayoquot C,RDA,875
British Columbia,Fraser Valley B 5,RDA,869
British Columbia,Strathcona A,RDA,864
British Columbia,Hudson's Hope,DM,841
British Columbia,Masset,VL,838
British Columbia,Bulkley-Nechako G,RDA,836
British Columbia,Chemainus 13,IRI,818
British Columbia,Canal Flats,VL,802
British Columbia,Seabird Island,IRI,800
British Columbia,Sliammon 1,TAL,797
British Columbia,Mount Waddington C,RDA,764
British Columbia,Pouce Coupe,VL,762
British Columbia,Marktosis 15,IRI,760
Yukon,Marsh Lake,NO,746
British Columbia,Sechelt (Part) 5,IGD,744
British Columbia,Port Alice,VL,739
British Columbia,Thompson-Nicola N (Beautiful Nicola Valley - South),RDA,717
British Columbia,South Saanich 1,IRI,712
British Columbia,Greenwood,CY,702
British Columbia,Skidegate 1,IRI,697
British Columbia,Mount Waddington A 5,RDA,695
Yukon,Haines Junction,VL,688
British Columbia,Belcarra,VL,687
Northwest Territories,Norman Wells,T,673
British Columbia,Columbia-Shuswap B 5,RDA,663
British Columbia,Central Coast C,RDA,661
British Columbia,Midway,VL,651
Northwest Territories,Fort McPherson,HAM,647
British Columbia,Lax Kw'alaams 1,IRI,627
Northwest Territories,Fort Providence,HAM,618
British Columbia,Cariboo J,RDA,616
British Columbia,New Hazelton,DM,602
British Columbia,Tsahaheh 1,IRI,596
Yukon,Carmacks,VL,588
British Columbia,McBride,VL,588
British Columbia,North Coast D 5,RDA,580
British Columbia,Kispiox 1,IRI,578
Northwest Territories,Déline,CC,573
British Columbia,Mission 1,IRI,570
British Columbia,Clinton,VL,568
British Columbia,Gitanmaax 1,IRI,560
British Columbia,Woyenne 27,IRI,548
Northwest Territories,Whatì,CG,543
Northwest Territories,Aklavik,HAM,536
British Columbia,Fraser-Fort George E,RDA,533
British Columbia,Alberni-Clayoquot B,RDA,531
British Columbia,Nak'azdli,IRI,528
Yukon,Ibex Valley,HAM,523
British Columbia,Stewart,DM,517
British Columbia,Penelakut Island 7,IRI,513
British Columbia,Nicola Mameet 1,IRI,513
Northwest Territories,Fort Good Hope,CC,507
British Columbia,Kitamaat 2,IRI,507
British Columbia,Campbell River 11,IRI,506
British Columbia,Chehalis 5,IRI,500
British Columbia,qathet E,RDA,498
British Columbia,Fraser Valley A,RDA,495
British Columbia,New Denver,VL,487
British Columbia,Iskut 6,IRI,478
British Columbia,Masset 1,IRI,475
British Columbia,Port Edward,DM,470
Yukon,Mt. Lorne,HAM,468
Northwest Territories,Fort Liard,HAM,468
British Columbia,Matsqui 4,IRI,456
British Columbia,Tsulquate 4,IRI,451
British Columbia,Gitwangak 1,IRI,450
British Columbia,Alert Bay 4,VL,449
British Columbia,Cariboo K,RDA,447
British Columbia,Gitsegukla 1,IRI,444
Yukon,Faro,T,440
British Columbia,Enderby 2,IRI,440
British Columbia,Anahim's Flat 1,IRI,437
British Columbia,Stikine Region 5,RDA,424
British Columbia,Fort Nelson 2 5,IRI,419
Northwest Territories,Fort Resolution,HAM,412
Yukon,"Whitehorse, Unorganized",NO,411
Northwest Territories,Ulukhaktok,HAM,408
British Columbia,Gitanyow 1,IRI,408
British Columbia,Central Coast D,RDA,403
British Columbia,Tache 1,IRI,400
British Columbia,Juan de Fuca (Part 2) 5,RDA,399
Northwest Territories,Tulita,HAM,396
British Columbia,Tahsis,VL,393
British Columbia,Nanaimo Town 1,IRI,386
British Columbia,Alert Bay 5,IRI,382
British Columbia,Slocan 4,VL,379
British Columbia,Squamish-Lillooet B 5,RDA,373
British Columbia,Mount Waddington D 5,RDA,371
British Columbia,Priest's Valley 6,IRI,367
British Columbia,Fraser-Fort George G,RDA,365
British Columbia,Alkali Lake 1,IRI,358
Yukon,Ross River,SÉ,355
British Columbia,Coldwater 1,IRI,350
British Columbia,Port Clements,VL,340
British Columbia,Granisle,VL,337
British Columbia,Sayward,VL,334
Northwest Territories,Lutselk'e,SET,333
British Columbia,Langley 2 5,IRI,332
British Columbia,Holachten 8,IRI,330
British Columbia,Kitimat-Stikine F,RDA,326
British Columbia,North Coast E,RDA,325
British Columbia,Stony Creek 1,IRI,323
British Columbia,Nanaimo River,IRI,323
British Columbia,Ittatsoo 1,IRI,321
British Columbia,Shuswap 5,IRI,319
Yukon,Carcross,SÉ,317
Yukon,Pelly Crossing,SÉ,316
British Columbia,Sahhaltkum 4,IRI,316
British Columbia,Kitsumkaylum 1,IRI,315
British Columbia,Quinsam 12,IRI,312
Yukon,Tagish,SÉ,311
British Columbia,Squamish-Lillooet A,RDA,305
Northwest Territories,Paulatuk,HAM,298
British Columbia,East Moberly Lake 169,IRI,297
British Columbia,Kwawkwawapilt 6,IRI,295
British Columbia,Dolphin Island 1,IRI,295
British Columbia,Comox 1,IRI,291
British Columbia,Kitselas 1,IRI,291
British Columbia,Lillooet 1,IRI,285
British Columbia,Quaaout 1,IRI,284
British Columbia,Neskonlith,IRI,279
Northwest Territories,"Region 6, Unorganized",NO,273
British Columbia,Cole Bay 3,IRI,266
Northwest Territories,Hay River Dene 1,IRI,259
British Columbia,Hazelton,VL,257
British Columbia,Alberni-Clayoquot A,RDA,256
British Columbia,Soowahlie 14,IRI,255
British Columbia,Moricetown 1,IRI,253
Northwest Territories,Gamètì,CG,252
British Columbia,Williams Lake 1,IRI,248
British Columbia,Halfway River 168,IRI,247
British Columbia,Quatsino Subdivision 18,IRI,246
British Columbia,Skwah 4,IRI,245
British Columbia,Nanoose,IRI,245
British Columbia,Katzie 1,IRI,244
British Columbia,North Tacla Lake 5,IRI,243
British Columbia,Fort Ware 1,IRI,242
British Columbia,Bridge River 1,IRI,242
British Columbia,Skeetchestn,IRI,242
Yukon,Teslin 3,VL,239
Yukon,Old Crow,SÉ,236
British Columbia,Upper Sumas 6,IRI,232
British Columbia,T'Sou-ke,IRI,230
British Columbia,Thompson-Nicola B (Thompson Headwaters),RDA,230
British Columbia,Finlay River 6 5,IRI,229
British Columbia,Skweahm 10,IRI,228
British Columbia,Nautley (Fort Fraser) 1,IRI,227
British Columbia,Waiwakum 14 5,IRI,224
British Columbia,Becher Bay 1,IRI,221
British Columbia,Kippase 2,IRI,220
British Columbia,Stone 1,IRI,219
British Columbia,Wells,DM,218
British Columbia,Kitasoo 1,IRI,217
British Columbia,Slosh 1 5,IRI,215
British Columbia,Homalco 9,IRI,214
British Columbia,Lytton,VL,210
British Columbia,Switsemalph,IRI,209
British Columbia,Sik-e-dakh 2,IRI,209
British Columbia,Cheam 1,IRI,207
British Columbia,Tsa Xana 18,IRI,205
Northwest Territories,Dettah,SET,192
British Columbia,Inkluckcheen 5,IRI,190
British Columbia,Stellaquo (Stella) 1,IRI,189
Yukon,Mayo,VL,188
British Columbia,Douglas Lake 3,IRI,188
British Columbia,Hagwilget 1,IRI,183
British Columbia,Chawathil 4,IRI,182
British Columbia,Redstone Flat 1,IRI,181
British Columbia,North Thompson 1,IRI,181
British Columbia,Malachan 11,IRI,178
British Columbia,Bulkley River 19,IRI,174
British Columbia,Lakahahmen 11,IRI,170
British Columbia,Nooaitch 10,IRI,170
British Columbia,Malahat 11,IRI,165
British Columbia,Central Coast E,RDA,162
British Columbia,Bonaparte 3,IRI,159
British Columbia,Squiaala,IRI,158
British Columbia,Houpsitas 6,IRI,157
British Columbia,Halalt 2,IRI,156
British Columbia,Nequatque 4,IRI,155
British Columbia,Opitsat 1,IRI,153
British Columbia,Ahahswinis 1,IRI,150
British Columbia,Ohamil 1,IRI,150
British Columbia,Central Coast A,RDA,149
British Columbia,Silverton,VL,149
British Columbia,Columbia Lake 3,IRI,149
British Columbia,Nicola Lake 1,IRI,148
British Columbia,Kootenay 1,IRI,145
British Columbia,Blueberry River 205,IRI,145
British Columbia,Cape Mudge 10,IRI,145
British Columbia,Guhthe Tah 12,IRI,142
Northwest Territories,Tsiigehtchic,CC,138
British Columbia,Squinas 2,IRI,137
Yukon,Upper Liard,SÉ,130
British Columbia,Squawkum Creek 3,IRI,130
British Columbia,Zeballos,VL,126
British Columbia,Esquimalt,IRI,120
British Columbia,Matsqui Main 2,IRI,119
British Columbia,Binche 2,IRI,118
Northwest Territories,Wrigley,SET,117
British Columbia,Ulkatcho 14A,IRI,116
British Columbia,Liard River 3 5,IRI,114
British Columbia,Deep Creek 2,IRI,111
British Columbia,Quaee 7,IRI,111
Northwest Territories,Colville Lake,SET,110
British Columbia,Quesnel 1 5,IRI,110
Northwest Territories,Wekweètì,CG,109
British Columbia,Union Bay 4,IRI,109
British Columbia,Prophet River 4 5,IRI,107
British Columbia,Oyster Bay 12,IRI,105
British Columbia,Seymour Creek 2,IRI,105
Northwest Territories,Sachs Harbour,HAM,104
British Columbia,Anacla 12,IRI,104
British Columbia,Toosey 1,IRI,104
British Columbia,Canoe Creek 2,IRI,104
British Columbia,Nuuautin 2 5,IRI,101
British Columbia,Siska Flat,IRI,101
British Columbia,West Moberly Lake 168A,IRI,99
British Columbia,Stawamus 24,IRI,98
Northwest Territories,Sambaa K’e,SET,97
British Columbia,Marble Canyon 3,IRI,97
British Columbia,Tobacco Plains 2,IRI,96
British Columbia,McMillan Island 6,IRI,96
British Columbia,Cheakamus 11,IRI,95
British Columbia,Nesuch 3,IRI,95
British Columbia,Creston 1,IRI,93
British Columbia,Fountain 1,IRI,93
British Columbia,Palling 1 5,IRI,92
British Columbia,Okanagan (Part) 1,IRI,91
British Columbia,Ehatis 11,IRI,91
British Columbia,Esowista 3,IRI,90
British Columbia,Ye Koo Che 3,IRI,90
British Columbia,Skway 5,IRI,89
British Columbia,Dog Creek 1,IRI,88
British Columbia,Babine 17,IRI,87
British Columbia,Chopaka 7 & 8,IRI,86
British Columbia,Chuchuwayha 2,IRI,86
British Columbia,Doig River 206,IRI,85
British Columbia,Fort George 2,IRI,84
British Columbia,Babine 25,IRI,83
British Columbia,Five Mile Point 3,IRI,83
British Columbia,Tsussie 6,IRI,82
British Columbia,Qualicum,IRI,82
British Columbia,Klickkumcheen 18,IRI,82
Northwest Territories,Nahanni Butte,SET,81
British Columbia,Nazco 20,IRI,81
British Columbia,McLeod Lake 1,IRI,81
British Columbia,Coryatsaqua (Moricetown) 2,IRI,80
British Columbia,Gordon River 2,IRI,79
Yukon,Beaver Creek,SÉ,78
British Columbia,Katit 1,IRI,77
British Columbia,Stullawheets 8,IRI,76
British Columbia,Lower Similkameen 2,IRI,76
Northwest Territories,Enterprise,HAM,75
British Columbia,Babine 6 5,IRI,75
British Columbia,Kitimat-Stikine D 5,RDA,74
British Columbia,Kulspai 6,IRI,73
British Columbia,Semiahmoo,IRI,71
British Columbia,Tlaa Gaa Aawtlaas 28 5,IRI,70
British Columbia,Douglas 8,IRI,66
British Columbia,Kulkayu (Hartley Bay) 4A 5,IRI,66
British Columbia,Cayoosh Creek 1,IRI,66
British Columbia,Nekliptum 1 5,IRI,66
Yukon,Burwash Landing,SÉ,64
British Columbia,Switsemalph 3,IRI,64
Northwest Territories,Jean Marie River,SET,63
British Columbia,Chilhil 6,IRI,63
British Columbia,Fountain 1B,IRI,63
British Columbia,Schkam 2,IRI,62
British Columbia,Lower Hat Creek 2,IRI,61
British Columbia,Tork 7,IRI,60
British Columbia,Kowtain 17,IRI,59
British Columbia,Fort Rupert 1,IRI,58
British Columbia,Ashnola 10,IRI,58
British Columbia,Kulkayu (Hartley Bay) 4,IRI,58
British Columbia,Joeyaska 2,IRI,58
British Columbia,Pashilqua 2,IRI,57
British Columbia,Stryen 9,IRI,57
British Columbia,Whispering Pines 4,IRI,57
British Columbia,Canoe Creek 1,IRI,56
British Columbia,Spuzzum 1,IRI,55
British Columbia,Coquitlam 1,IRI,55
British Columbia,Dease Lake 9,IRI,54
British Columbia,Chum Creek 2,IRI,53
British Columbia,Lukseetsissum 9,IRI,52
British Columbia,Telegraph Creek 5,IRI,51
British Columbia,Q'alatkú7em,IRI,50
British Columbia,Shackan 11,IRI,50
British Columbia,Cheslatta 1,IRI,49
British Columbia,Yakweakwioose 12,IRI,49
British Columbia,Theik 2,IRI,48
British Columbia,Kitimat-Stikine A,RDA,48
British Columbia,Pavilion 1,IRI,48
British Columbia,North Bay 5,IRI,45
British Columbia,Aitchelitch 9,IRI,45
British Columbia,North Coast A,RDA,45
British Columbia,Hustalen 1,IRI,44
British Columbia,Ashcroft 4,IRI,42
British Columbia,Albert Flat 5,IRI,41
British Columbia,Kopchitchin 2,IRI,41
British Columbia,Nicomen 1,IRI,41
Yukon,Destruction Bay,SÉ,40
Northwest Territories,Kakisa,SET,39
British Columbia,Dease River 1 5,IRI,39
British Columbia,Kluskus 1,IRI,38
British Columbia,Gwayasdums 1,IRI,38
Yukon,Carcross 4,SG,37
Northwest Territories,"Region 5, Unorganized",NO,37
British Columbia,Mount Waddington B,RDA,35
British Columbia,Papyum 27,IRI,35
British Columbia,Paul's Basin 2,IRI,35
British Columbia,Nickeyeah 25,IRI,34
British Columbia,Burns Lake 18,IRI,33
British Columbia,Klahkamich 17,IRI,33
British Columbia,Tuckkwiowhum 1,IRI,31
British Columbia,North Coast C 4,RDA,31
Northwest Territories,"Region 4, Unorganized",NO,30
British Columbia,Soda Creek 1,IRI,30
British Columbia,Scotch Creek 4,IRI,30
British Columbia,Lyacksun 3 5,IRI,30
British Columbia,Skookumchuck 4,IRI,30
British Columbia,Squaw-Hay-One 11,IRI,29
British Columbia,Oclucje 7,IRI,29
British Columbia,Macoah 1,IRI,27
British Columbia,Tzart-Lam 5,IRI,27
British Columbia,Tin Wis 11,IRI,26
British Columbia,Est-Patrolas 4,IRI,26
British Columbia,Katzie 2,IRI,26
British Columbia,Blind Creek 6,IRI,26
British Columbia,Inklyuhkinatko 2,IRI,26
British Columbia,Stequmwhulpa 5 5,IRI,26
British Columbia,Fountain 1D 5,IRI,25
Yukon,Lake Laberge 1,SG,24
British Columbia,McCartney's Flat 4,IRI,24
Yukon,Champagne Landing 10 3,S-É,22
British Columbia,Dead Point 5,IRI,22
British Columbia,Sechelt (Part),IGD,21
British Columbia,Kitzowit 20,IRI,21
Yukon,Keno Hill,SÉ,20
British Columbia,Williams Prairie Meadow 1A,IRI,20
British Columbia,Little Springs,IRI,20
British Columbia,Cowichan Lake,IRI,20
British Columbia,Zoht 4,IRI,20
Yukon,Teslin Post 13 3,SG,19
British Columbia,Ruby Creek 2 5,IRI,19
British Columbia,Mission 5,IRI,19
British Columbia,Unnamed 10,IRI,18
British Columbia,Dog Creek 2,IRI,17
British Columbia,Yekwaupsum 18,IRI,17
British Columbia,Laketown 3,IRI,16
British Columbia,Towinock 2,IRI,16
British Columbia,Klehkoot 2,IRI,15
British Columbia,Dzitline Lee 9,IRI,15
British Columbia,Tacla Lake (Ferry Landing) 9,IRI,15
British Columbia,Dragon Lake 3 5,IRI,15
British Columbia,Towdystan Lake 3,IRI,15
British Columbia,Tseatah 2,IRI,15
British Columbia,Lulu 5 5,IRI,15
British Columbia,Seaichem 16,IRI,15
British Columbia,Kleetlekut 22,IRI,15
British Columbia,Louis Creek 4,IRI,15
British Columbia,Upper Hat Creek 1,IRI,15
British Columbia,Upper Nepa 6,IRI,15
Yukon,Johnsons Crossing,SÉ,10
Yukon,Stewart Crossing,SÉ,10
British Columbia,Elhlateese 2,IRI,10
British Columbia,Poison Creek 17A,IRI,10
British Columbia,Seaspunkut 4,IRI,10
British Columbia,Skins Lake 16A,IRI,10
British Columbia,Anahim's Meadow,IRI,10
British Columbia,Fishtrap 19,IRI,10
British Columbia,Johny Sticks 2,IRI,10
British Columbia,St. Mary's 5,IRI,10
British Columbia,Puckatholetchin 11,IRI,10
British Columbia,Skawahlook 1,IRI,10
British Columbia,Musqueam 4,IRI,10
British Columbia,Alexis 9,IRI,10
British Columbia,Fountain 12,IRI,10
British Columbia,Fountain 3,IRI,10
British Columbia,Halhalaeden,IRI,10
British Columbia,Lytton 9A,IRI,10
British Columbia,Seah 5,IRI,10
British Columbia,Skuppah 4,IRI,10
Yukon,Swift River 3,SÉ,5
Northwest Territories,Salt Plains 195,IRI,5
British Columbia,Duncan Lake 2,IRI,5
British Columbia,Jean Baptiste 28,IRI,5
British Columbia,Sowchea 3,IRI,5
British Columbia,Alexis Creek 14,IRI,5
British Columbia,Alkali Lake 4A,IRI,5
British Columbia,Euchinico Creek 17,IRI,5
British Columbia,Michel Gardens 36,IRI,5
British Columbia,Puntzi Lake 2,IRI,5
British Columbia,Thomas Squinas Ranch 2A,IRI,5
British Columbia,Windy Mouth 7 5,IRI,5
British Columbia,Pentledge 2,IRI,5
British Columbia,Cassimayooks (Mayook) 5,IRI,5
British Columbia,Bucktum 4,IRI,5
British Columbia,Kahmoose 4,IRI,5
British Columbia,Sachteen,IRI,5
British Columbia,Schelowat 1,IRI,5
British Columbia,Scowlitz 1,IRI,5
British Columbia,Yale Town 1,IRI,5
British Columbia,Whonnock 1,IRI,5
British Columbia,Fontas 1 5,IRI,5
British Columbia,Fountain 10,IRI,5
British Columbia,Necait 6,IRI,5
British Columbia,Nesikep 6,IRI,5
British Columbia,Lower Post 5,S-É,5
British Columbia,105 Mile Post 2,IRI,5
British Columbia,Entlqwekkinh 19 5,IRI,5
British Columbia,Lytton 4E,IRI,5
British Columbia,Nickel Palm 4,IRI,5
British Columbia,Nkaih 10,IRI,5
British Columbia,Nohomeen 23,IRI,5
British Columbia,Skwayaynope 26,IRI,5
British Columbia,Spintlum Flat 3,IRI,5
British Columbia,Yawaucht 11,IRI,5
British Columbia,Zacht 5,IRI,5
Yukon,Kloo Lake,S-É,0
Yukon,Moosehide Creek 2,SG,0
Yukon,North Slope 3,NO,0
Yukon,Teslin,TL,0
Northwest Territories,"Region 1, Unorganized",NO,0
Northwest Territories,"Region 2, Unorganized",NO,0
Northwest Territories,"Region 3, Unorganized",NO,0
Northwest Territories,Reliance,SET,0
British Columbia,Alberni 2,IRI,0
British Columbia,Clakamucus 2,IRI,0
British Columbia,Numukamis 1,IRI,0
British Columbia,Sachsa 4,IRI,0
British Columbia,Babine 16 5,IRI,0
British Columbia,Babine Lake 21B,IRI,0
British Columbia,Mission Lands 17,IRI,0
British Columbia,Nedoats 11,IRI,0
British Columbia,Noonla 6 5,IRI,0
British Columbia,Skins Lake 16B,IRI,0
British Columbia,Tadinlay 15,IRI,0
British Columbia,Tatla West 11,IRI,0
British Columbia,Tatla't East 2,IRI,0
British Columbia,Galiano Island 9,IRI,0
British Columbia,Agats Meadow 8,IRI,0
British Columbia,Alexis Creek 16,IRI,0
British Columbia,Alexis Creek 21,IRI,0
British Columbia,Alexis Creek 34,IRI,0
British Columbia,Baezaeko River 27,IRI,0
British Columbia,Baptiste Meadow 2,IRI,0
British Columbia,Betty Creek 18,IRI,0
British Columbia,Canim Lake 4,IRI,0
British Columbia,Canoe Creek 3,IRI,0
British Columbia,Charley Boy's Meadow 3,IRI,0
British Columbia,Coglistiko River 29,IRI,0
British Columbia,Salmon River Meadow 7,IRI,0
British Columbia,Sandy Harry 4,IRI,0
British Columbia,Sundayman's Meadow 3,IRI,0
British Columbia,Swan Lake 3,IRI,0
British Columbia,Trout Lake Alec 16,IRI,0
British Columbia,Ulkatcho 13,IRI,0
British Columbia,Kil-pah-las 3,IRI,0
British Columbia,Portier Pass 5,IRI,0
British Columbia,Shingle Point 4,IRI,0
British Columbia,Isidore's Ranch 4,IRI,0
British Columbia,Boothroyd 13,IRI,0
British Columbia,Boston Bar 1A,IRI,0
British Columbia,Inkahtsaph 6,IRI,0
British Columbia,Paqulh,IRI,0
British Columbia,Popkum 1,IRI,0
British Columbia,Saddle Rock 9,IRI,0
British Columbia,Skwali 3,IRI,0
British Columbia,Speyum 3,IRI,0
British Columbia,Tipella 7,IRI,0
British Columbia,Coquitlam 2,IRI,0
British Columbia,Kitimat-Stikine C (Part 2),RDA,0
British Columbia,Kshish 4,IRI,0
British Columbia,Tahltan 1,IRI,0
British Columbia,Hope Island 1,IRI,0
British Columbia,Hopetown 10A,IRI,0
British Columbia,Nimpkish 2 4,IRI,0
British Columbia,Thomas Point 5,IRI,0
British Columbia,Thomas Point 5A 5,IRI,0
British Columbia,Harris 3,IRI,0
British Columbia,Kahntah 3,IRI,0
British Columbia,Ingenika Point,S-É,0
British Columbia,Mesilinka 7 5,IRI,0
British Columbia,Fountain 11,IRI,0
British Columbia,Fountain 3A 5,IRI,0
British Columbia,Fountain Creek 8,IRI,0
British Columbia,Seton Lake 5,IRI,0
British Columbia,Good Hope Lake,S-É,0
British Columbia,Ahaminaquus 12,IRI,0
British Columbia,Chenahkint 12,IRI,0
British Columbia,Nenagwas 12 5,IRI,0
British Columbia,Squirrel Cove 8,IRI,0
British Columbia,Village Island 1,IRI,0
British Columbia,Yuquot 1,IRI,0
British Columbia,Chekwelp 26,IRI,0
British Columbia,Boothroyd 8A,IRI,0
British Columbia,Chuchhraischin,IRI,0
British Columbia,Hamilton Creek 2,IRI,0
British Columbia,High Bar 1,IRI,0
British Columbia,Kanaka Bar 5,IRI,0
British Columbia,Lytton 4A,IRI,0
British Columbia,Lytton 9B,IRI,0
British Columbia,Nekalliston 2,IRI,0
British Columbia,Oregon Jack Creek 5,IRI,0
British Columbia,Paska Island 3,IRI,0
British Columbia,Pemynoos 9,IRI,0
British Columbia,Peq-Paq 22,IRI,0
British Columbia,Skuppah 2A,IRI,0
British Columbia,Squaam 2 5,IRI,0
British Columbia,Tsaukan 12,IRI,0
British Columbia,Twoyqhalsht 16 5,IRI,0